"Reference","Qty","MPN","Value","DNP","Exclude from BOM","Exclude from Board","Footprint","Datasheet"
"C1,C2,C3,C12,C17,C22,C27,C34,C39,C42,C47,C52,C55,C58,C66,C73,C78,C89,C99,C100,C101,C102,C103,C104,C105,C106","26","","100n","","","","Capacitor_SMD:C_0402_1005Metric","~"
"C6,C83,C86","3","GRM155C61E475ME15D","4u7","","","","Capacitor_SMD:C_0402_1005Metric","https://search.murata.co.jp/Ceramy/image/img/A01X/G101/ENG/GRM155C61E475ME15-01A.pdf"
"C7,C8","2","","15p","","","","Capacitor_SMD:C_0402_1005Metric","~"
"C9,C10","2","","100n","DNP","Excluded from BOM","","Capacitor_SMD:C_0402_1005Metric","~"
"C11,C16,C19,C20,C23,C24,C25,C28,C29,C30,C31,C32,C33,C36,C37,C38,C43,C44,C45,C46,C53,C56,C59,C60,C61,C62,C63,C64,C67,C68,C69,C70,C71,C72,C75,C76,C77,C80,C82,C91,C92,C93,C94,C95,C96,C97,C98,C111,C112,C113,C114,C115,C116,C117","54","","10n","","","","Capacitor_SMD:C_0201_0603Metric","~"
"C13,C14,C15,C18,C21,C26,C35,C40,C41,C54,C57,C65,C74,C79,C81,C90,C107,C108,C109,C110","20","","1u","","","","Capacitor_SMD:C_0402_1005Metric","~"
"C84,C88","2","GMC04X5R226M10NT","22u","","","","Capacitor_SMD:C_0402_1005Metric","https://calchip.com/wp-content/uploads/2023/09/GMC-Series-2.pdf"
"C85,C87","2","","120p","","","","Capacitor_SMD:C_0201_0603Metric",""
"D1,D2,D3,D4,D5,D6,D10,D11","8","16-213SDRC/S530-A3/TR8","16-213SDRC/S530-A3/TR8","","","","LED_SMD:LED_0402_1005Metric","https://mm.digikey.com/Volume0/opasdata/d220001/medias/docus/792/16-213SDRC-S530-A3-TR8.pdf"
"D9","1","DT1240A-08LP3810","DT1240A-08LP3810","","","","Package_DFN_QFN:UDFN-9_1.0x3.8mm_P0.5mm","https://www.diodes.com/assets/Datasheets/DT1240A-08LP3810.pdf"
"D15,D16","2","PTVS5V0Z1USK","PTVS5V0Z1USK","","","","Diode_SMD:Nexperia_DSN1608-2_1.6x0.8mm","https://assets.nexperia.com/documents/data-sheet/PTVS5V0Z1USK.pdf"
"FID1,FID2,FID3,FID4,FID5,FID6","6","","Fiducial","","Excluded from BOM","","Fiducial:Fiducial_0.5mm_Mask1mm","~"
"J1,J4","2","","Conn_02x02_Odd_Even","DNP","Excluded from BOM","","Connector_PinHeader_1.00mm:PinHeader_2x02_P1.00mm_Horizontal","~"
"J3","1","","5024302030","","","","Connector_Molex:Molex_SlimStack_502430-2010_2x10_P0.40mm_Vertical","~"
"JP1","1","","Jumper_2_Small_Open","","","","Jumper:SolderJumper-2_P1.3mm_Open_RoundedPad1.0x1.5mm","~"
"MK1","1","","CMM-4737DT-26386-TR","","","","Sensor_Audio:ST_HLGA-6_3.76x4.72mm_P1.65mm","http://www.st.com/st-web-ui/static/active/en/resource/technical/document/datasheet/DM00025467.pdf"
"N1","1","","Housing","","Excluded from BOM","Excluded from board","ProjectLibrary:Enclosure","~"
"P1","1","","1054440011","","","","Expansion_Card:USB_C_Plug_Molex_105444","https://www.usb.org/sites/default/files/documents/usb_type-c.zip"
"R1,R2,R4,R15,R17,R18,R19,R20,R23,R41,R42,R43,R44","13","","5K1","","","","Resistor_SMD:R_0201_0603Metric","~"
"R3","1","","33R","","","","Resistor_SMD:R_0402_1005Metric","~"
"R5,R6,R7,R8,R13,R14,R36,R37","8","","60R4","","","","Resistor_SMD:R_0201_0603Metric","~"
"R9","1","","316K","","","","Resistor_SMD:R_0201_0603Metric","~"
"R10,R11,R35,R40","4","","100K","","","","Resistor_SMD:R_0201_0603Metric","~"
"R12","1","","5K1","DNP","Excluded from BOM","","Resistor_SMD:R_0201_0603Metric","~"
"R16,R32,R33","3","","0R","DNP","Excluded from BOM","","Resistor_SMD:R_0201_0603Metric","~"
"R21","1","","200R","","","","Resistor_SMD:R_0201_0603Metric","~"
"R22,R31","2","","100R","DNP","Excluded from BOM","","Resistor_SMD:R_0201_0603Metric","~"
"R24","1","","84K5","","","","Resistor_SMD:R_0201_0603Metric","~"
"R25,R28","2","","200R","DNP","Excluded from BOM","","Resistor_SMD:R_0201_0603Metric","~"
"R26,R27,R29,R30,R34,R38,R39","7","","0R","","","","Resistor_SMD:R_0201_0603Metric","~"
"TH1","1","PTSLR06038V075","PTSLR06038V075","","","","Capacitor_SMD:C_0603_1608Metric","https://www.eaton.com/content/dam/eaton/products/electronic-components/resources/data-sheet/eaton-ptslr0603-surface-mount-resettable-fuse-data-sheet-elx1047-en.pdf"
"TP1,TP2,TP3,TP4","4","","TestPoint","","","","TestPoint:TestPoint_Pad_1.5x1.5mm","~"
"TP5,TP6","2","","TestPoint_Small","","","","TestPoint:TestPoint_Pad_D1.0mm","~"
"U1","1","RP2350A","RP2350A","","","","RP2350_60QFN_minimal:RP2350-QFN-60-1EP_7x7_P0.4mm_EP3.4x3.4mm_ThermalVias","https://datasheets.raspberrypi.com/rp2350/rp2350-datasheet.pdf"
"U2","1","CCGM1A1-BGA324","CCGM1A1","","","","Package_BGA:BGA-324_15.0x15.0mm_Layout18x18_P0.8mm_Ball0.45mm_Pad0.4mm_NSMD","https://colognechip.com/docs/ds1001-gatemate1-datasheet-2022-05.pdf"
"U3","1","TVS0500DRV","TVS0500DRV","","","","Package_SON:WSON-6-1EP_2x2mm_P0.65mm_EP1x1.6mm","http://www.ti.com/lit/ds/symlink/tvs0500.pdf"
"U4","1","W25Q32RVXHJQ TR","W25Q16JLUXIG TR","","","","Package_SON:Winbond_USON-8-1EP_3x2mm_P0.5mm_EP0.2x1.6mm","https://www.winbond.com/hq/support/documentation/levelOne.jsp?__locale=en&DocNo=DA00-W25Q32RV.1"
"U5","1","","USB3740B-AI2","","","","Package_DFN_QFN:UQFN-10_1.3x1.8mm_P0.4mm","http://ww1.microchip.com/downloads/en/DeviceDoc/00001725D.pdf"
"U6","1","TPS7A2033PDQNR","TPS7A2033PDQNR","","","","Package_SON:Texas_X2SON-4_1x1mm_P0.65mm","https://www.ti.com/lit/ds/symlink/tps7a20.pdf"
"U7,U8","2","TPSM82822SILR","TPSM82822SILR","","","","ProjectLibrary:SIL0010D-MFG","https://www.ti.com/lit/ds/symlink/tpsm82821.pdf?HQS=dis-dk-null-digikeymode-dsf-pf-null-wwe&ts=1741075062365"
"U9","1","","ISM330DHCX","","","","Package_LGA:LGA-14_3x2.5mm_P0.5mm_LayoutBorder3x4y","https://www.st.com/resource/en/datasheet/ism330dhcx.pdf"
"U10","1","","TMP110D","","","","Package_SON:Texas_X2SON-5_0.8x0.8mm_P0.48mm","https://www.ti.com/lit/ds/symlink/tmp110.pdf"
"U11","1","","MMC5633NJL","","","","Package_BGA:WLP-4_0.86x0.86mm_P0.4mm","http://www.memsic.com/uploadfiles/2020/08/20200827165106864.pdf"
"Y1","1","S3A2505-100.000-L-X1-R","S3A2505-100.000-L-X1-R","","","","ProjectLibrary:OSC_S3A2505-100.000-L-X1-R",""
"Y2","1","ABM8-272-T3","ABM8-272-T3","","","","Crystal:Crystal_SMD_3225-4Pin_3.2x2.5mm","https://jlcpcb.com/api/file/downloadByFileSystemAccessId/8559470777180311552"
