"Reference","Value","Footprint","Datasheet","MPN","Qty","DNP","Exclude from BOM","Exclude from Board"
"C1,C10,C12,C14,C16,C17,C18,C20,C27,C29,C30,C32,C37,C44,C47,C54,C59,C64,C68,C69,C70,C71,C72,C73,C74,C75,C81,C99","100n","Capacitor_SMD:C_0402_1005Metric","~","C0402C104K8PACTU","28","","",""
"C2,C3,C4,C5,C6,C7,C8,C9,C13,C21,C22,C23,C24,C25,C26,C33,C34,C35,C38,C39,C40,C41,C42,C43,C48,C49,C50,C51,C52,C53,C56,C57,C58,C63,C66,C67,C80,C83,C84,C85,C86,C87,C88,C89,C90,C91,C92,C93,C94,C95,C96,C97,C98","10n","Capacitor_SMD:C_0201_0603Metric","~","C0201C103K4PACTU","53","","",""
"C11,C15,C19,C28,C31,C36,C45,C46,C55,C60,C65,C76,C77,C78,C79,C82,C100,C101","1u","Capacitor_SMD:C_0402_1005Metric","~","CL05A105KA5NQNC","18","","",""
"C61,C62","100n","Capacitor_SMD:C_0402_1005Metric","~","C0402C104K8PACTU","2","DNP","Excluded from BOM",""
"C102,C105","120p","Capacitor_SMD:C_0201_0603Metric","","GRM033R71E121KA01D","2","","",""
"C103,C106","4u7","Capacitor_SMD:C_0402_1005Metric","https://search.murata.co.jp/Ceramy/image/img/A01X/G101/ENG/GRM155C61E475ME15-01A.pdf","GRM155C61E475ME15D","2","","",""
"C104,C107","22u","Capacitor_SMD:C_0402_1005Metric","https://calchip.com/wp-content/uploads/2023/09/GMC-Series-2.pdf","GMC04X5R226M10NT","2","","",""
"D1,D4,D5","PTVS5V0Z1USK","Diode_SMD:Nexperia_DSN1608-2_1.6x0.8mm","https://assets.nexperia.com/documents/data-sheet/PTVS5V0Z1USK.pdf","PTVS5V0Z1USKYL","3","","",""
"D2,D3,D7,D8,D9,D10,D11,D12,D13","16-213SDRC/S530-A3/TR8","LED_SMD:LED_0402_1005Metric","https://mm.digikey.com/Volume0/opasdata/d220001/medias/docus/792/16-213SDRC-S530-A3-TR8.pdf","16-213SDRC/S530-A3/TR8","9","","",""
"D6","DT1240A-08LP3810","Package_DFN_QFN:UDFN-9_1.0x3.8mm_P0.5mm","https://www.diodes.com/assets/Datasheets/DT1240A-08LP3810.pdf","DT1240A-08LP3810","1","","",""
"FID1,FID2,FID3,FID4,FID5,FID6","Fiducial","Fiducial:Fiducial_0.5mm_Mask1mm","~","DNP","6","","Excluded from BOM",""
"J1","Conn_02x02_Odd_Even","Connector_PinHeader_1.00mm:PinHeader_2x02_P1.00mm_Horizontal","~","DNP","1","DNP","Excluded from BOM",""
"JP1","Jumper_2_Small_Open","ProjectLibrary:Jumper_open","~","DNP","1","","Excluded from BOM",""
"MK1","CMM-4737DT-26386-TR","Sensor_Audio:ST_HLGA-6_3.76x4.72mm_P1.65mm","http://www.st.com/st-web-ui/static/active/en/resource/technical/document/datasheet/DM00025467.pdf","CMM-4737DT-26386-TR","1","","",""
"N1","Housing","ProjectLibrary:Enclosure","~","DNP","1","DNP","Excluded from BOM","Excluded from board"
"P1","1054440011","Expansion_Card:USB_C_Plug_Molex_105444","https://www.usb.org/sites/default/files/documents/usb_type-c.zip","1054440011","1","","",""
"Q1","CSD25480F3","Package_DFN_QFN:Texas_PicoStar_DFN-3_0.69x0.60mm","https://www.ti.com/lit/ds/symlink/csd25480f3.pdf","CSD25480F3","1","","",""
"R1,R3,R20,R23,R26,R28,R32,R35,R37","60R4","Resistor_SMD:R_0201_0603Metric","~","RC0201FR-0760R4L","9","","",""
"R2,R4,R6,R7,R10,R11,R12,R13,R14,R15,R16,R24,R25,R30,R31,R36,R39,R40,R42,R47","5K1","Resistor_SMD:R_0201_0603Metric","~","RC0201FR-135K1L","20","","",""
"R5,R9,R18,R19,R21,R22,R38","0R","Resistor_SMD:R_0201_0603Metric","~","CR0201AJ/-000GAS","7","","",""
"R8,R44","5K1","Resistor_SMD:R_0201_0603Metric","~","RC0201FR-135K1L","2","DNP","Excluded from BOM",""
"R17","200R","Resistor_SMD:R_0201_0603Metric","~","CRCW0201200RFKED","1","","",""
"R27,R29","200R","Resistor_SMD:R_0201_0603Metric","~","CRCW0201200RFKED","2","DNP","Excluded from BOM",""
"R33,R34,R45","0R","Resistor_SMD:R_0201_0603Metric","~","CR0201AJ/-000GAS","3","DNP","Excluded from BOM",""
"R41","1K5","Resistor_SMD:R_0201_0603Metric","~","RC0201FR-071K5L","1","","",""
"R43,R46","100R","Resistor_SMD:R_0201_0603Metric","~","RC0201FR-07100RL","2","DNP","Excluded from BOM",""
"R48","316K","Resistor_SMD:R_0201_0603Metric","~","RC0201FR-07316KL","1","","",""
"R49,R50,R52,R53","100K","Resistor_SMD:R_0201_0603Metric","~","RC0201FR-07100KL","4","","",""
"R51","84K5","Resistor_SMD:R_0201_0603Metric","~","RC0201FR-0784K5L","1","","",""
"SW1,SW2","KXT 331 LHS","Button_Switch_SMD:SW_SPST_CK_KXT3","~","KXT 331 LHS","2","","",""
"TH1","BSMD0603-075-6V","Capacitor_SMD:C_0603_1608Metric","https://jlcpcb.com/api/file/downloadByFileSystemAccessId/8588917434853679104","PTSLR06038V075","1","","",""
"TP1,TP2,TP3,TP4","TestPoint","TestPoint:TestPoint_Pad_D1.0mm","~","DNP ","4","","",""
"TP5,TP6,TP7,TP8","TestPoint","TestPoint:TestPoint_Pad_1.5x1.5mm","~","DNP ","4","DNP","Excluded from BOM",""
"U1","USB3740B-AI2","Package_DFN_QFN:UQFN-10_1.3x1.8mm_P0.4mm","http://ww1.microchip.com/downloads/en/DeviceDoc/00001725D.pdf","USB3740B-AI2-TR","1","","",""
"U2","W25Q16JLUXIG TR","Package_SON:Winbond_USON-8-1EP_3x2mm_P0.5mm_EP0.2x1.6mm","https://www.winbond.com/resource-files/w25q16jl%20revd%2001262018.pdf","W25Q32RVXHJQ TR","1","","",""
"U3","CCGM1A1","Package_BGA:BGA-324_15.0x15.0mm_Layout18x18_P0.8mm_Ball0.45mm_Pad0.4mm_NSMD","https://colognechip.com/docs/ds1001-gatemate1-datasheet-2022-05.pdf","CCGM1A1-BGA324","1","","",""
"U4","STM32L422RBI6","Package_BGA:UFBGA-64_5x5mm_Layout8x8_P0.5mm","https://www.st.com/resource/en/datasheet/stm32l422rb.pdf","STM32L422RBI6","1","","",""
"U5","TXS0202YZPR","Package_BGA:Texas_DSBGA-8_0.9x1.9mm_Layout2x4_P0.5mm","","TXS0202YZPR","1","","",""
"U6","MMC5633NJL","Package_BGA:WLP-4_0.86x0.86mm_P0.4mm","http://www.memsic.com/uploadfiles/2020/08/20200827165106864.pdf","MMC5633NJL","1","","",""
"U7","TMP110D1IDPWR","Package_SON:Texas_X2SON-5_0.8x0.8mm_P0.48mm","https://www.ti.com/lit/ds/symlink/tmp110.pdf","TMP110D","1","","",""
"U8","ISM330DHCX","Package_LGA:LGA-14_3x2.5mm_P0.5mm_LayoutBorder3x4y","https://www.st.com/resource/en/datasheet/ism330dhcx.pdf","ISM330DHCXTR","1","","",""
"U9","TPS7A2033PDQNR","Package_SON:Texas_X2SON-4_1x1mm_P0.65mm","https://www.ti.com/lit/ds/symlink/tps7a20.pdf","TPS7A2033PDQNR","1","","",""
"U10,U11","TPSM82822SILR","ProjectLibrary:SIL0010D-MFG","https://www.ti.com/lit/ds/symlink/tpsm82821.pdf?HQS=dis-dk-null-digikeymode-dsf-pf-null-wwe&ts=1741075062365","TPSM82822SILR","2","","",""
"Y1","S3A2505-100.000-L-X1-R","ProjectLibrary:OSC_S3A2505-100.000-L-X1-R","","S3A2505-100.000-L-X1-R","1","","",""
